{"entities":{"pages":{"starter-topic":{"id":"starter-topic","title":"About CIS Documentation","url":"starter-topic.html","level":0,"tabIndex":0},"About-the-CIS-Program":{"id":"About-the-CIS-Program","title":"About the CIS Program","url":"about-the-cis-program.html","level":0,"tabIndex":1},"Guides":{"id":"Guides","title":"Guides","url":"guides.html","level":0,"pages":["Virtualization"],"tabIndex":2},"Virtualization":{"id":"Virtualization","title":"Virtualization","url":"virtualization.html","level":1,"parentId":"Guides","pages":["Proxmox-VM"],"tabIndex":0},"Proxmox-VM":{"id":"Proxmox-VM","title":"Proxmox VM","url":"proxmox-vm.html","level":2,"parentId":"Virtualization","tabIndex":0},"Network-Topology":{"id":"Network-Topology","title":"Network Topology","url":"network-topology.html","level":0,"pages":["General-Overview","Detailed-Network-Explaination","Comcast-Modem","Firewall","Layer-3-Switch"],"tabIndex":3},"General-Overview":{"id":"General-Overview","title":"General Overview","url":"general-overview.html","level":1,"parentId":"Network-Topology","tabIndex":0},"Detailed-Network-Explaination":{"id":"Detailed-Network-Explaination","title":"Detailed Network Explanation","url":"detailed-network-explaination.html","level":1,"parentId":"Network-Topology","tabIndex":1},"Comcast-Modem":{"id":"Comcast-Modem","title":"Comcast Modem","url":"comcast-modem.html","level":1,"parentId":"Network-Topology","tabIndex":2},"Firewall":{"id":"Firewall","title":"Firewall","url":"firewall.html","level":1,"parentId":"Network-Topology","tabIndex":3},"Layer-3-Switch":{"id":"Layer-3-Switch","title":"Layer 3 Switch","url":"layer-3-switch.html","level":1,"parentId":"Network-Topology","tabIndex":4},"Servers":{"id":"Servers","title":"Servers","url":"servers.html","level":0,"pages":["Cyberdyne","Cloud9","Hampstead"],"tabIndex":4},"Cyberdyne":{"id":"Cyberdyne","title":"Cyberdyne","url":"cyberdyne.html","level":1,"parentId":"Servers","tabIndex":0},"Cloud9":{"id":"Cloud9","title":"Cloud9","url":"cloud9.html","level":1,"parentId":"Servers","tabIndex":1},"Hampstead":{"id":"Hampstead","title":"Hampstead","url":"hampstead.html","level":1,"parentId":"Servers","tabIndex":2},"WorkPCs":{"id":"WorkPCs","title":"Work PCs","url":"workpcs.html","level":0,"pages":["specifications"],"tabIndex":5},"specifications":{"id":"specifications","title":"Specifications","url":"specifications.html","level":1,"parentId":"WorkPCs","tabIndex":0}}},"topLevelIds":["starter-topic","About-the-CIS-Program","Guides","Network-Topology","Servers","WorkPCs"]}